7323 401 1004 074,,,
4053 255 3732 410,,,
2542 476 7223 865,,,
5036 339 0522 549,,,
4444 797 8562 586,,,
1114 948 3410 432,,,
7717 672 2865 774,,,
9816 719 2070 092,,,
1418 076 4046 886,,,
7314 831 1549 973,,,
7150 659 2930 046,,,
8539 861 3020 635,,,
8126 266 7153 562,,,
5573 363 5662 253,,,
8832 062 2291 065,,,
1307 745 7980 190,,,
5573 555 5049 744,,,
1938 007 9670 432,,,
1575 879 2522 598,,,
5171 440 4896 207,,,
7314 879 2221 202,,,
6569 788 3898 342,,,
1938 155 1365 343,,,
3918 553 8635 973,,,
1588 293 4079 983,,,
